<?xml version="1.0" encoding="UTF-8"?>
<root>
  <item name="com.roughike.bottombar.BottomBar android.os.Bundle saveState()">
    <annotation name="android.support.annotation.VisibleForTesting" />
  </item>
  <item name="com.roughike.bottombar.BottomBar void restoreState(android.os.Bundle)">
    <annotation name="android.support.annotation.VisibleForTesting" />
  </item>
  <item name="com.roughike.bottombar.BottomBarTab STATE_BADGE_COUNT">
    <annotation name="android.support.annotation.VisibleForTesting" />
  </item>
  <item name="com.roughike.bottombar.BottomBarTab android.os.Bundle saveState()">
    <annotation name="android.support.annotation.VisibleForTesting" />
  </item>
  <item name="com.roughike.bottombar.BottomBarTab badge">
    <annotation name="android.support.annotation.VisibleForTesting" />
  </item>
  <item name="com.roughike.bottombar.BottomBarTab int getLayoutResource()">
    <annotation name="android.support.annotation.VisibleForTesting" />
  </item>
  <item name="com.roughike.bottombar.BottomBarTab void restoreState(android.os.Bundle)">
    <annotation name="android.support.annotation.VisibleForTesting" />
  </item>
</root>

